Distance,A_Star_Time,A_Star_Journey_Time
0.0229909140753234,175.034,118.60199917385502
0.0203458950727847,0.328,37.33083256752334
0.0069046456606355,0.062,8.849918994083946
0.0071855328729419,0.02,0.0
0.0247389935997846,1.99,65.3230866100093
0.0038562197831912,4.229,56.93350531693442
0.0271135794686863,33.632,129.04362408792696
0.0286480003874317,213.124,111.5219269732899
0.0188667465125351,233.429,132.53156330537468
0.0084101804779378,1.651,25.306620693367833
0.0100203021860859,7.089,29.24616497442408
0.0119890023733379,31.488,34.97130342367781
0.0116976564059619,120.787,36.09151192720419
0.0090287292244642,63.468,100.86353064398632
0.0087587986023832,118.019,101.33776804305296
0.0078000970504201,0.694,23.009006090954287
0.0067557339995886,0.27,19.991801051464986
0.0055873647938739,49.588,82.9398287206763
0.0051964136625464,2.943,40.18149294706206
0.0043637113392488,23.236,78.71647734536549
0.0021694021138996,10.571,70.1729392536518
0.0054065709969316,15.986,109.60159878066442
0.0047810489088286,666.65,206.93067314915743
0.0092289314489623,186.359,110.37265675270284
0.0132231066138809,516.763,126.31557416079715
0.009342479612015,616.401,136.2515047695208
0.0027491013032892,368.126,98.64964812223512
0.0038258360766648,524.594,105.10249008270024
0.0028307758705826,566.816,120.88000675462658
0.0048891218506374,657.297,126.74565683934031
0.000548317643058,652.488,121.91051849540597
0.0037327019431325,705.13,138.8138019709883
0.0022934029255013,762.289,148.3123334898145
0.0037630804926829,803.546,152.34354357018583
0.0008715352679622,770.341,146.03506840760116
0.0017057306585303,792.615,152.21692263489584
0.0002191202405814,789.526,149.92852629012083
0.0006130592080227,787.049,146.76313189851584
0.0049399195730941,854.431,144.06547654736778
0.0095357133385563,529.992,129.40016914054877
0.0082717212283069,436.442,132.16539642461743
0.0057253100002293,430.089,114.97612092975798
0.0035862809453996,704.225,138.3551450273588
0.0363255889318751,58.974,102.57410994104607
0.0036032212346587,0.666,40.275176800801546
2.987910221758968e-05,0.106,21.376829597039865
0.0039468621816725,0.046,8.188298975266939
0.0023905284957804,0.019,0.0
0.0011539268936187,0.042,13.172812498664689
0.0067900964303502,37.511,62.899017830337456
0.0130677286354286,0.928,30.09898196538106
0.0167630869130807,1.246,52.51965754470259
0.0151858344686315,12.27,58.61407915606022
0.0027182273564404,2.621,63.30553566604373
0.0101149253276618,0.213,42.069976251782656
0.0082637607916456,0.077,23.036561249995835
0.0090855067188843,0.071,18.66385512166979
0.011454620288715,0.76,31.74369713992652
0.0037989495987147,0.016,0.0
0.0,0.011,0.0
0.0195042320438172,5.677,54.55806224709944
0.0218165715425781,14.064,74.0818349603487
0.0349081974190915,760.533,170.4894702273249
0.0339021836673403,717.351,167.44724636487538
0.0330176884360143,711.669,160.0313502041604
0.0305927946483318,617.879,153.63539462697878
0.0315335669381718,669.104,161.18644838394954
0.0326043242166523,709.573,164.4368884535769
0.0299752393263301,667.121,157.4810838294591
0.028082738222712,534.913,146.98167888792742
0.0345187428089647,641.06,163.81899378097478
0.0354002499213936,684.848,170.9786977010437
0.0363499866961939,744.848,173.90521955046003
0.0373694471825101,946.59,176.9809319340461
0.0382937845723451,860.271,184.47832565731693
0.0358200841446635,787.758,177.99101332478207
0.0399865785906749,871.793,188.7723933775351
0.0391244945075871,852.892,181.8493385993397
0.0423103737661531,892.396,190.86547578246868
0.0342293893408102,619.335,161.5008994883442
0.0369760085868618,673.488,168.66786008241937
0.0315345638319733,667.929,156.1210786316624
0.0262350594566671,433.61,137.07525189915552
0.0237822783435275,275.301,123.93602218117022
0.0202114275020548,91.42,96.23260747320762
0.0137918594404128,217.468,100.5244622588872
0.0170932810394126,93.325,91.69413654859056
0.0207049715493563,12.824,76.5114377365272
0.0205346458235565,28.084,81.1368347431816
0.016972252145012,618.755,122.04722013530557
0.016685390912151,616.315,117.49781556372652
0.0152530660524715,668.47,125.68140103513107
0.0142993487652436,0.497,53.185260173701685
0.024909808913784,143.233,136.31957857397785
0.0177925079483423,161.067,91.4696390251262
0.0182342575970785,223.905,92.18015846368904
0.0157500986183095,252.543,110.68682741238185
0.0186451302879425,100.985,89.96750432149857
0.0116358956447635,720.847,134.11093856730895
0.0093429791846139,760.154,139.38577328981464
0.0317213223394736,360.178,156.7303906541026
0.0122927914703612,60.327,103.42375960400577
0.0133496049008025,59.398,106.22945298833656
0.0118400861865105,59.193,107.36274602236452
0.0305439875333656,366.293,146.751070121591
0.0403431745416353,11.156,99.2914743343364
0.0443214167708876,48.665,124.21764196450688
0.0308951054536686,57.091,86.76834103480526
0.0328812367820662,105.38,93.2310750028686
0.0261429314257387,5.998,70.15366642919246
0.0247937748958608,6.612,61.110824759149224
0.0236622578445353,3.247,60.01422406044087
0.0347388765274637,110.952,95.84219873810828
0.0339569743353876,104.664,100.47055956116552
0.0271798247221678,6.023,74.25479060866566
0.0281091415161003,14.255,77.62950947037001
0.0291430452888652,14.967,75.89776057131525
0.0365890478517474,172.524,108.91904558034192
0.0324120965186728,56.388,92.71212269738768
0.0315365649761087,28.418,89.39524902660943
0.0350018362552871,242.781,115.04449671697382
0.0379342202353923,175.882,112.00725395885586
0.0319817989136701,166.345,112.48310204889674
0.0257883349258746,28.564,90.4734214181628
0.0286096587908099,54.935,86.27591817310531
0.0255492835257246,28.951,75.60370316425264
0.0205217014502042,13.323,57.731205323876694
0.0276230619645633,177.659,90.99427712776397
0.0263720180336345,278.9,100.80631793909367
0.0278571367089543,34.936,76.60211960282369
0.0327377986627013,279.713,119.91071704049368
0.0279935936265684,281.242,104.24452160642169
0.0297222455105206,200.569,99.8440144017438
0.022996392146334,67.498,86.05144113260832
0.0174194860994703,16.883,79.73050540816419
0.0226497669417795,3.345,63.11405221079083
0.0264880598147796,32.864,77.07989131840495
0.0221183758660886,5.883,73.1808607654021
0.0192168702001606,14.559,65.00636074287817
0.0198289450739795,6.43,55.81342582867066
0.0191177622934897,15.824,58.15605381381265
0.0417281818034024,817.96,168.44607991007558
0.0338140367497382,575.594,134.64475649856158
0.0257589494258297,54.092,90.589885892379
0.0277620147929963,105.703,106.85755576882822
0.0408830371338801,248.328,115.26166877268786
0.0336481923064352,549.234,156.5172934451277
0.032862804497578,620.365,164.4970847176905
0.0392086642398679,619.752,170.80926195037574
0.0062397761859691,155.202,92.69607710097348
0.0016340199786267,282.59,111.72725078520882
0.0347812020327959,11.524,128.06206079163053
0.0360920083774256,25.401,133.5885299586571
0.0144208649893586,191.854,91.02733585865984
0.0220874937747667,158.037,111.4177537035864
0.0255811536282559,221.969,120.57527529896063
0.0234869515186547,52.381,91.2529401196119
0.0227882201720193,28.017,85.60271075421697
0.0130009891555901,26.409,65.89717766935243
0.0231358361390397,206.087,140.75212045652907
0.0308881230743549,48.096,154.71798840491613
0.0420568865906083,25.449,110.3266230374944
0.0368176408748851,380.808,120.3728809751077
0.0385572488962624,379.161,120.25220153761076
0.0390951177560655,245.393,123.19856035776088
0.0389327622990637,246.124,109.2892655324133
0.0414592482800047,670.906,176.50650051307574
0.0207039764518914,0.952,38.34280971135067
0.0171490578011529,11.737,54.73359983181875
0.0411659150623146,381.815,118.5450823837275
0.027606623555162,90.691,164.33717825048146
0.0251105125534914,205.834,171.83044179247486
0.0201018546162755,403.424,148.38663550672464
0.0149527517025189,509.225,137.5915919849094
0.0046719851984422,7.368,71.89052528711338
0.0412645239806072,500.831,121.714393605386
0.0379870075313565,501.735,134.07455711754108
0.0403541315022058,326.381,112.69656357025993
0.0397395667521497,203.023,106.8340649802788
0.0468743025322371,146.935,136.61266791687288
0.0463578492301316,90.014,129.4505606095964
0.0391733106189599,144.226,101.04028712316732
0.0357558482597176,203.53,100.60352359142928
0.0342533006036662,144.935,96.65282372300037
0.028996126907927,44.218,85.5763525611398
0.0401623912844468,271.983,110.86696761938332
0.0362653295114255,202.251,104.6619615635231
0.0375472523601922,88.207,96.96546226514828
0.0305758699762719,46.168,79.50645159448584
0.0319170556438607,91.659,90.52062016443062
0.0282351428383756,11.546,73.52420263853652
0.0285593577592457,25.804,80.15923098530487
0.024458103457593,102.187,98.82333407177676
0.0246000410650412,158.953,99.78327304472624
0.0265328842176842,89.709,101.87334216477772
0.0255980882431084,50.002,86.52877418693139
0.0249073253333333,27.5,80.84370541983644
0.0263042912558977,12.736,77.15737833464834
0.0174742716455549,0.187,29.2886703567442
0.0231403273045431,2.222,58.90563247082167
0.0254935038089369,5.947,71.55912121841301
0.0245019325122669,2.034,55.367847161816215
0.0206178200774753,5.302,66.07290977153066
0.0118012466660026,0.07,13.071094285994963
0.0215800084116652,1.029,50.845070764945355
0.0162730294728474,98.916,105.64546478478238
0.0176909117067206,159.582,113.16728772983666
0.0147560398983376,159.768,97.75991403552617
0.0137968403387794,239.28,102.95559537199486
0.017935444360168,122.045,95.49746929153956
0.0084634684725708,0.284,29.487860533643065
0.0050186160619363,0.107,19.65124910803882
0.0291236157586224,623.288,115.82243950391111
0.039191735845393,356.96,114.1549187099802
0.0422192428741052,419.323,118.46508371988244
0.0409975823477844,308.032,114.5085278464793
0.0382469776230681,112.335,107.38655409050646
0.0285683184096832,58.022,85.21457021452117
0.0267774131366771,62.833,80.74309890896157
0.0238609667144612,113.225,89.95971736730763
0.0328578212012395,243.766,140.55192537123034
0.0245278224617393,390.016,122.39871572459094
0.0251274465400308,476.084,126.9865652372657
0.0189275152180207,0.425,37.047941885049426
0.0330117190782695,245.478,116.20186134092096
0.0053288816111855,262.471,93.859603374991
0.0277226630830765,477.907,167.1024434957654
0.0170957635201242,252.274,121.19562913863336
0.0162376638757905,64.007,107.42953737537556
0.0186306834731673,385.074,131.43175598586893
0.0192756280495058,314.337,127.15130335317112
0.0179867349425494,481.187,135.6379940899052
0.0206631324717139,615.567,156.66980810863518
0.0166301120621441,546.591,144.58138180586616
0.0134531948650502,744.894,176.602382436767
0.0180385315484186,543.421,146.69309360976658
0.0173552390626114,441.24,140.84484244576777
0.0207836543029074,616.833,165.7088662759678
0.0215376689891059,441.617,142.14363177853784
0.0207672218322688,441.684,138.44632327348293
0.0190440472827236,612.034,154.91209346174952
0.0195764375935888,659.091,160.59132854724476
0.0115352950234408,585.549,158.5634048665389
0.0205665175732425,340.064,132.42046705012666
0.025320184546293,341.876,132.2094466891446
0.0378057274705092,169.132,105.12090079224498
0.0420090736362959,456.343,129.90230874239546
0.012893915916097,2.423,58.701306098366274
0.0092324150525636,63.038,100.62500500185546
0.0092901869194949,15.455,92.03825371719702
0.0133794923098758,1.469,57.40866591766662
0.0225939810522476,654.842,180.45043955073348
0.0415862448264911,718.782,179.83668576971414
0.0435808424106235,797.237,200.85087880422867
0.0452078978600339,723.547,186.03234052933684
0.0462243704816463,763.359,191.89204164828791
0.0136798014933837,223.221,125.43533670709762
0.0115880848153773,609.935,164.3302654088578
0.0131653426822564,20.004,34.81615569928138
0.0013715624163621,324.629,116.10372047108424
0.0054867568789637,261.982,94.7665167746758
0.0041012442452367,348.316,109.61185545065564
0.0414741902439257,747.252,148.8216427424761
0.0236662398848925,28.356,85.36335771635211
0.0011081060333606,40.399,69.14812021040677
0.0214425452603386,95.58,90.70935199040682
0.0079335641596815,95.144,88.5120034293578
0.0050260836824961,284.317,107.8671437376484
0.0145349098280422,215.086,102.6142895709403
0.0177606316552699,94.144,91.50794377025996
0.019252721008861,49.102,86.2122281792464
0.0205162142332934,408.023,146.74069761195773
0.0224520448306718,272.228,142.48829748951871
0.0183577643748538,425.729,114.3208931933434
0.0189489223203041,406.705,153.13145496098747
0.0276215648382995,648.501,171.28521344665893
0.0294627709939216,647.694,169.54349014711542
0.0370686418713749,2130.95,150.79759845663654
0.032320949439029,926.881,157.73370167752978
0.0238769000389352,240.28,195.99715935494584
0.0302775435952419,104.424,174.29732690720783
0.0253684913584871,171.975,190.7410133519565
0.0289791866048793,158.667,180.40453539652896
0.0296943529512338,214.397,171.80784804920378
0.0283959967118441,177.366,168.0131951913514
0.0239316805329349,809.087,188.61087628616272
0.0209345538049621,1062.116,199.757019087544
0.0204400150639676,1776.388,147.54081610395508
0.0281649111019201,741.262,176.11232939128945
0.0289692249368752,682.747,178.84190326105514
0.0311002821487034,765.605,185.5999360338586
0.0133112541525158,749.172,141.70300536356712
0.0048492806409294,21.143,94.36845973872336
0.0088110862594541,42.77,93.19216961946482
0.0054673309808125,135.14,105.7669203024276
0.0384735747917557,953.408,183.32901079669384
0.040638996204394,2330.692,175.8439092816907
0.0392031840660551,1665.284,180.05968593120383
0.0422575842825942,1081.633,171.12615995555137
0.0199315276705767,703.775,196.03994676276895
0.0139552047917785,248.688,112.7512569758865
0.0005458262218732,42.823,128.58605780113476
0.0038407762283926,9.864,100.75501711669476
0.0066675788266592,4.55,74.46931547611706
0.0068966696062721,23.064,92.39546254635673
0.0069200764460116,44.9,96.48488224707904
0.007184030275404,83.225,101.2095286225762
0.010150279030133,49.159,97.7711059296858
0.0053338603901215,161.255,100.44958578646798
0.0053338608343173,112.407,96.3046818773093
0.0052790794028832,18.659,78.03372903756072
0.002844721256714,154.121,107.6019860580842
0.0051665227826735,312.496,105.54105110606008
0.0069798406259012,19.075,87.91296857046244
0.0036355908399889,14.01,69.99138082808389
0.0031156462994423,476.486,117.90060439692824
0.0025757888260443,7.5,80.36320158262374
0.0076890311880833,38.942,89.85002567604222
0.0086213375935886,4678.907,206.93067314915743
0.0068877059535787,15.484,82.26493982882805
0.0069145989716152,10.443,88.15047238001272
0.0090406763471894,4.958,82.83748514310061
0.0091552221512349,11.941,86.75407010050863
0.0391837630479038,892.358,137.13358354210786
0.035804151329667,918.215,146.1915262024516
0.037132392124709,2181.069,206.93067314915743
0.030838325704807,191.305,90.70576340138224
0.0401135857769835,374.106,119.89740060091997
0.0338309699811333,1124.178,209.94684136160225
0.0255512707824693,581.992,127.35569032296964
0.0422167441402044,419.265,143.16483964260846
0.0277684814046721,897.177,163.27754045375906
0.0276280386211437,1065.976,156.07621025432502
0.0290533920871376,671.27,152.31324821860818
0.0189992307249935,26.705,86.30452408060077
0.0200879169019518,52.012,95.22056678918408
0.0396598794126994,179.918,113.68395084081304
0.0164797044710504,186.864,117.34195707472249
0.0338668323347185,302.71,119.32059695005516
0.0284956079855527,169.066,97.59651524858644
0.0279796519422506,104.966,96.1403299582762
0.018262648207387,2.437,63.7858399844765
0.0241373665697254,369.227,176.36957804475873
0.0262166299142075,362.014,169.15630074603317
0.0271598933754792,219.767,165.58662318659825
0.0154926160375818,192.887,99.27086664340816
0.0314045766571404,568.003,186.37059156677748
0.0223778375703057,275.262,180.66192701076668
0.0125328390868365,439.099,128.70708625966788
0.0060086887112682,156.37,99.2266597163012
0.0019462821850611,546.537,122.861608085672
0.0010846949964656,429.581,118.15750838636716
0.0068344151441215,610.754,136.16773194825603
0.0072427977807075,542.963,129.66734914801145
0.0128924162952206,219.447,117.90309815888897
0.0046301527161964,484.115,115.19588888915354
0.0057825871216663,363.838,112.05454968508872
0.004822390536263,222.185,106.83771027977116
0.0041440782593565,330.303,113.9380587550726
0.0059100785429639,326.809,109.12641747976204
0.004839320658252,234.169,105.67406145573908
0.0032844822125088,761.203,145.27342019922958
0.0003615599931782,602.86,122.4315967418305
0.0011081043375172,216.959,117.43088019327834
0.0036604929204226,155.07,100.66754611325064
0.0055968207886366,428.06,124.34366915708704
0.0021992809246867,348.482,114.70446216302668
0.0169971532336005,586.388,156.206980431689
0.0109919461874262,250.911,114.63046796496492
0.009326045474902,287.557,119.80505146306692
0.009143269524283,360.506,120.36152033674249
0.0067876012606107,490.756,127.62813090005368
0.0232996879444561,558.405,144.76195528946147
0.0229934012983824,546.22,149.5463622754011
0.0217353900648992,228.204,111.51744974334083
0.0428462589248816,413.735,119.21454396704624
0.0220451579233019,48.974,89.17042430925494
0.0246294211252062,25.957,77.80949812587554
0.0226656992191759,154.829,94.98940007025422
0.0232538693234841,93.498,92.6526153460508
0.0065789356172128,0.56,12.46826690524524
0.0150912144409446,1.346,38.92090655265112
0.0132370601037002,0.594,34.0768653693772
0.0159667462535163,2.996,43.5316038166652
0.0141609000257285,1.716,38.87148699953733
0.0014562241995155,720.969,133.82781245206738
0.0024014790233441,744.497,128.82417778462354
0.036455070153332,62.085,134.36422700632994
0.0366657352854528,63.176,135.2864199760862
0.0314972132398581,362.977,123.1819100569585
0.0132051764838542,135.502,108.62046548460955
0.0156714111367023,5.582,56.41466171044625
0.0008526144277064,755.915,102.72881504466092
0.0134497105801201,194.737,103.30581654402916
0.0185241109718747,15.567,76.63507158445286
0.0186894587659201,2.597,59.2528747012991
0.0156928222622574,128.178,108.87467181519104
0.0388949062163442,764.477,188.62429722554063
0.0460884077399868,798.764,207.43046971380764
0.0336845450042991,471.27,161.81862936311697
0.0377663798354746,2.072,86.71548011746988
0.0053527859040932,16.389,92.3175756842386
0.0172162939825635,5.176,69.61872797884244
0.0008954440284578,500.135,106.2682964148764
0.0053448150788429,662.82,147.73416645489075
0.002827788100062,733.244,112.27328107967335
0.0029846668737951,533.562,122.9252323037145
0.005726303825516,708.208,148.70256761980627
0.0045499643689985,610.312,144.7763799119888
0.0011235404783276,594.261,106.8700869268946
0.0067044331795139,40.147,85.63283380241126
0.0016235644995953,8.935,62.02105633175717
0.0109939400590429,258.966,93.62674125877705
0.0067019422364122,194.394,91.43639372808268
0.00103190820005,20.633,63.61176494778744
0.0073613302438275,77.011,89.52083152134689
0.007202960951302,29.017,63.92191312019498
0.0065380950132551,55.541,65.3279217575776
0.0465610402063229,321.921,145.85011746017582
0.0377335057009683,47.92,133.9868343170025
0.007949503182747,26.718,72.02162298901457
0.0065341072928895,196.699,91.50389748610954
0.0007500205848219,650.18,110.79058732381854
0.0415927262272704,93.475,133.08696107650044
0.008583984185169,115.731,104.73783100592247
0.0131384442243402,16.209,82.37572770652321
0.0198877056249577,64.239,108.87108474672604
0.0202632180426913,121.454,111.00735699344712
0.0082278943709654,884.317,206.93067314915743
0.0087015181035155,170.036,134.743444327538
0.0083568836739827,876.421,206.93067314915743
0.0451650700736923,873.903,206.93067314915743
0.0105462187165219,0.213,19.246845386785633
0.0101836541262266,0.139,21.224834619280692
0.000954715024585,2.288,51.39118899651074
0.0210540907231064,1.207,52.50286274387114
0.031930499500579,232.286,110.3906776120309
0.0198543391258684,285.665,93.96829258020324
0.0221502452544165,349.925,115.4957788608979
0.0349769310872173,298.334,117.44614184011128
0.0366353601836784,548.012,126.8405638590404
0.0359520674656886,437.011,123.04820814920514
0.0365347598612294,510.103,121.99757242113532
0.0378131947833925,497.27,128.6852378996324
0.0386444014565867,591.929,132.45564752599793
0.0378883971885877,111.748,109.14388906872314
0.0417416255094587,903.683,206.93067314915743
0.024498435393879,693.217,132.09737219734558
0.0318333810209179,374.085,127.63124868581714
0.0342776983602727,174.334,115.8260165286807
0.0301435779786881,57.477,88.94734157857793
0.030290991689306,244.161,106.46948786951285
0.0194653799728686,235.447,92.89243766050336
0.0165085904432545,641.908,115.21157806470094
0.0151230861637121,2.285,63.05035655465204
0.0159224189910397,0.996,57.5157472861877
0.0168367973477418,5.438,67.73542195013502
0.0191237328733573,364.096,96.49938007476148
0.0202791601580671,5.505,70.96081670168866
0.0203214898341037,55.052,83.84554387560243
0.0328772495120861,572.574,130.01416300700362
0.0342005083796367,234.127,114.30908027720872
0.0343489196317314,459.488,125.53739472849702
0.035743395558791,569.672,131.8737405348365
0.0357349283321666,345.521,119.64207130178212
0.0372120767256009,539.587,150.46045007553465
0.0359411131795989,286.047,119.82494025666055
0.0381966767678735,439.28,129.24871063448705
0.0367782894809349,667.033,178.1978063303162
0.0302979644832757,440.426,148.54072103256806
0.031771127828488,546.628,155.21743493809993
0.0236174361919522,11.917,68.7343581728733
0.02671516348496,29.768,79.48020808264157
0.0301166872017295,105.969,105.73550016212772
0.0321740363150147,160.88,112.83294628552324
0.0226672003815723,12.721,79.56113010020674
0.0277261602460243,13.654,76.20932386652788
0.0083693372317507,1.474,70.16609422439353
0.0179070505558095,557.922,111.22834855824722
0.005523116939946,0.139,16.47166368499775
0.0016200786148746,0.271,29.706217106742237
0.0068921923188891,0.675,38.962690111522704
0.0124910138587246,0.512,38.55605642532777
0.0132699288834734,0.537,36.37347021375371
0.0141454597878663,1.102,42.96305197556708
0.0162451419161779,2.324,48.549209775818696
0.0260438249431545,5.229,60.881688945475595
0.0305798454463948,363.766,146.4289926924649
0.0450156578457085,830.107,211.4234241157645
0.0433034405357779,857.129,217.19363402510763
0.0428995416416704,768.672,185.22236434860116
0.0421370596222779,969.271,193.42858197757505
0.0413850393692899,883.569,187.84287716163223
0.0406957715625921,798.67,192.5301891129384
0.008828024765811,0.07,17.370220580550644
0.0083633652987296,0.15,20.060012204603712
0.0083255162825564,0.572,15.80930269344569
0.0067034425016141,0.27,11.205071195522716
0.0126603360399381,33.166,100.83668715189133
0.0417416295321497,311.399,136.80736798084493
0.0001060696066086,651.927,128.83959660126808
0.012022866049469,6.265,66.36661841725171
0.015171393552457,6.19,63.99984438048915
0.0146345215253805,15.282,71.07011297995727
0.0139656698756648,3.278,60.12873655087124
0.0395244159299709,575.165,133.81321616951877
0.0404079153659881,645.731,137.34631344323623
0.0411021658019942,647.521,138.49259708839907
0.042182882788428,698.09,146.84813422239287
0.0075052634930894,0.375,27.14595642553424
0.0218603930462345,58.834,92.83180205081172
0.0123191904925094,6.35,82.36249686663736
0.0138919597690481,30.79,91.27499505027168
0.0055096726982019,0.032,8.57015559489815
0.0221303269499625,13.394,80.80055451305802
0.0411116224434194,339.169,142.66732753303768
0.0383784491969651,90.7,142.33739641677658
0.0368360703583731,169.87,107.87597729041434
0.0316341770215978,55.871,91.50793479805546
0.0286758974293414,13.733,80.06611439956978
0.041574792640941,239.82,123.2506164766056
0.0161490208034511,150.517,106.28704276123204
0.0173258550113835,436.01,100.23224379703392
0.0197761493641226,160.3,89.49923771574544
0.0200062382903886,101.875,86.67330464038923
0.0334818582307976,104.098,96.84238656830313
0.0305803521618839,27.833,87.4923235055262
0.0334813580695731,57.475,91.97801534219946
0.0030050861814713,62.306,101.1688105564501
0.0029468173172175,29.823,98.33957571855714
0.0105611550861618,15.247,85.37587787867585
0.0374610911130991,356.484,126.19324140139972
0.0356891106318376,442.579,131.65205313857282
0.0302890054944827,102.717,92.03300745985432
0.03132639605929,163.67,95.72970390661048
0.029634598693578,102.883,90.04474926437418
0.0344898646001808,106.84,100.83867441031184
0.0264656489355361,878.315,206.93067314915743
0.0147062320130651,32.099,95.1276453555927
0.0264925374014612,464.579,157.27948089733758
0.0335177151734825,167.039,95.32197391233862
0.0214928436050711,620.689,122.51441293559006
0.0312227996620709,4.373,120.6488056841749
0.0306371198682596,697.135,163.41407334998436
0.0423093827898895,723.979,142.6692319760586
0.0421355713366952,678.538,142.1856748545261
0.0110845857893399,8.742,31.238800688288663
0.0105113540921921,1.062,38.69835837879887
0.0103420257945999,1.057,35.11077522340977
0.0388635305704122,816.85,158.81445228806058
0.0288103547335119,760.016,175.60820358105053
0.0002953224172692,608.37,122.67003775024791
0.0236687334347003,2.311,56.82633320017783
0.0204161092131805,390.277,134.5371201873923
0.0091786309137881,76.804,90.9474912735276
0.0349022270220593,235.392,117.22829369347056
0.0318303961740504,167.636,109.36285031900216
0.0389701121295335,658.132,136.77181535806258
0.0311650364487786,131.34,98.33935933282804
0.0029781950923603,2.103,68.78959924074476
0.0154796749084483,2.365,42.024991974977866
0.0242852880612592,11.048,59.22286531613762
0.0217398724918862,4.31,50.9666556925964
0.0215690492411777,3.479,50.50735789813143
0.0148387081668202,213.942,100.47725655122518
0.016671946017668,334.863,104.37292132692554
0.0188936448987392,429.676,93.90102808593495
0.0072119220171118,242.039,90.3244192593545
0.0299214583829289,379.978,115.5247227968446
0.0133506072682508,7.16,64.57726238780721
0.0149841356696831,35.23,69.21120438949356
0.0146504576120951,17.28,68.26452416222284
0.014526448818835,35.3,68.95318450363374
0.0114132785744555,8.113,77.9686835492918
0.0128555651512173,17.211,86.79060218703826
0.0044827315510389,289.118,137.75565643106685
0.0231223895692793,511.414,143.22567257217668
0.0225551372398628,496.543,127.63543855785429
0.0101213963888948,3.272,74.63018693830267
0.0217572992416318,189.406,114.94474470430411
0.001628041812608,19.497,107.25007342180416
0.0074240810624809,16.525,83.60559750694338
0.0349903761343098,583.086,155.526196959333
0.0389994947438281,203.385,116.62660252386718
0.0272171704500972,127.099,86.05666263699307
0.0290035934750567,126.927,90.57071580846085
0.0320983367114324,35.508,87.39166262371565
0.0013073181030692,1.396,50.37583141441374
0.0016290433324072,3.047,51.574909226343586
0.0124412122795569,31.937,92.28463935423544
0.0172182858396761,56.679,91.36868198429184
0.015937361059427,161.831,99.72641898620058
0.0298651857844465,29.377,83.49757545389855
0.0415359459304124,719.581,190.66488117143243
0.0123012647217093,0.416,26.75184875501196
0.008844950235507,107.139,132.51569323103692
0.0132744035746246,661.909,170.66850042717164
0.0241846812740549,651.584,151.6755223749879
0.0298756439473847,30.09,77.72526211712405
0.0367095676484232,747.904,152.64496751170722
0.0290892571749967,63.359,102.03970120730531
0.0246314116566292,660.533,162.54981278969606
0.0291146511343383,838.749,167.4034155360796
0.0374277163021259,934.205,177.4056978179478
0.0125233788810943,1366.306,181.6068676386799
0.0457955727153687,354.679,144.54807976195747
0.0318567907006439,746.617,172.4369492078713
0.0015189799886906,0.21,41.68788508866328
0.0014567253807078,1.25,57.732587963936766
0.0261812689650811,435.081,183.03668546897103
0.0278880080061306,362.858,177.08154181258251
0.0297979411207808,445.297,183.921193264576
0.0281977798713324,513.391,189.61806757886816
0.0258276698973551,337.325,181.96368503432456
0.040359608593446,364.173,135.28742767944158
0.0326820218934825,651.084,140.7142318261452
0.0102254854870766,49.421,77.50188386179602
0.0184997112968594,2.409,51.147398722652895
0.0188343858142583,12.551,74.286177585892
0.0214555016765237,2.11,51.21153208402427
0.0148770573456201,290.249,132.60901903951668
0.0134302888543446,355.819,135.0181731196328
0.0094366098175987,72.757,103.50893622624952
0.0115596994315332,128.933,89.23664394998661
0.0097553476994226,129.265,107.28568588027088
0.0113380770888905,190.974,91.28434194044463
0.0094321285046847,18.101,82.3112051030522
0.010864952795961,38.571,86.5981595998156
0.0103624430249904,37.463,83.91775678698652
0.0116931711533578,83.81,86.18770558151604
0.0136892632572815,147.751,89.78290357549201
0.0232847445027388,391.306,184.12607016081083
0.0046998730239507,377.577,106.40881553237338
0.0197910913378592,8.58,71.71436356187753
0.0190395683266495,40.13,84.87494680319796
0.013619542060824,1.111,30.19293105165186
0.0127380311835164,534.758,136.38112936748993
0.0123899078594507,178.85,110.48127268691154
0.0183771888502498,530.233,106.18853489326791
0.0119989606840878,89.744,49.40294406804873
0.0042860130778438,760.299,105.89601135337324
0.0016330226794244,530.183,100.5894641942754
0.0145040309007781,345.972,117.99729928242272
0.0126429046880682,287.438,118.807774492527
0.0165952471517591,215.577,108.4514539295843
0.0169607988989428,283.638,109.68366543846088
0.0213085750469578,336.181,145.00263367210422
0.0175006600730639,347.951,111.43688150206648
0.0213912482819891,360.727,149.53379302143173
0.0105397368620427,407.99,124.94208375936648
0.0120736596654549,411.082,120.73190003161892
0.0339793847814973,267.907,119.4922687806857
0.0010184623020719,1.453,49.78384197462111
0.0001882509732133,2.99,63.44781974118361
0.0006678513482575,0.643,48.68542840699712
0.0148222778077866,6.565,63.8699906162756
0.0162311926808426,696.506,147.3157285651359
0.0181650318878179,717.514,92.49833193251052
0.0406634046388388,2442.517,139.7937058651536
0.0072363220290521,3615.393,152.92648093894772
0.0045001645538028,1148.194,95.35846333277102
0.0410369242081953,962.054,117.20399689792848
0.0011738468002003,5.311,50.53129122232354
0.0027281889282358,318.81,72.84689961067389
0.0072099331300391,58.81,63.7625302531305
0.0059125759783203,0.078,6.010939214585004
0.0405169794897212,944.418,155.4873808426334
0.0392734039584831,694.11,148.61444929250246
0.0404233487645008,574.674,142.45531745463708
0.0399203419586589,202.125,138.41107905757676
0.040904941144246,332.161,140.67670759188897
0.0412331408911622,477.5,141.34483280867127
0.0390368405480234,296.971,144.93852554271268
0.0362473933232128,48.815,131.0179565721936
0.0264437327358042,181.653,131.7694812038169
0.0285095489458516,24.699,126.16844373647972
0.0266429435771932,337.299,132.15980223500478
0.0274213601132682,68.31,128.42341396440156
0.0143571176605344,29.037,58.96011058582333
0.0192646747467699,624.846,95.04779204019054
0.0181137344835016,623.028,107.20628893896132
0.0411947963784438,523.016,131.71228793005344
0.0241403654315088,173.764,82.08187409804617
0.0181421257794235,1.322,40.813777078540085
0.0046724787186977,1633.395,206.93067314915743
0.0173841301806941,16.743,75.17399599262517
0.0389217961500588,1565.435,196.12330425332755
0.0418576653247529,1440.819,195.41306029924792
0.0164363812365406,3.324,53.38643446229415
0.0260692196067634,23.931,72.05154100725733
0.0200396061567316,43.761,62.12955313362103
0.0165917655322377,3.271,53.13029194723997
0.0169667798254882,8.31,54.112512897682166
0.0409507583342831,1363.032,192.34994929852152
0.0405174749542487,1755.995,191.25891262845863
0.0381329210889936,2184.4,206.93067314915743
0.021006776159779,113.264,107.83937261902432
0.0202408105730095,11.409,74.21518527455
0.0043472707936255,385.1,103.90901614122755
0.0036171628181291,761.319,107.47528296025092
0.0038253382163819,953.171,106.45801043009264
0.0040977589598922,710.528,107.16352498291586
0.0086532118299767,294.936,106.70662426164108
0.0068473653832425,492.481,112.50306040643108
0.007785150509537,622.334,109.48070302649852
9.362295872667812e-05,685.702,120.1259922166575
0.039361067201054,253.892,144.15676414162493
0.0412386266008651,603.148,121.46451158807996
0.0060096875725566,131.729,91.34087378783362
0.0068797399675857,514.229,113.29380666563976
0.0080242030204882,644.307,124.03650005748948
0.0177964927882903,16.036,56.18813752665181
0.0029821780673049,456.645,111.27984846498111
0.0100700990768496,357.024,111.29287389117792
0.0073887211119771,505.87,110.81604590650063
0.0418865522484844,402.649,142.59449712039608
0.0407151926159975,430.953,142.9523231630455
0.041439822198317,369.181,142.02685221919634
0.0417725044913319,452.523,143.6709872516447
0.0293313009210712,64.6,82.75133948802872
0.0188677454706908,206.366,95.18372474580876
0.0379780453059012,195.337,101.19362292474824
0.0432416925997017,637.932,122.43146028140288
0.0165788094595214,1843.956,143.63114191612036
0.0164503188463981,1912.782,148.2652068046903
0.0167581011243887,1156.574,120.20946857163162
0.0192502275298233,1018.749,192.72585836693293
0.0189653561413697,861.515,193.68848171850493
0.0189718303429359,762.511,193.76652088823343
0.0214365668102122,657.098,184.44648973501393
0.0213568825580086,680.186,150.8721199075632
0.0217727352126164,848.786,152.2386152577876
0.0432919927308773,821.862,122.98323713179964
0.0275976574389813,719.864,188.10471749866537
0.0317377568778586,831.101,187.9630536296412
0.0309643206132747,1223.159,187.14295519447523
0.0291584752636735,946.894,179.57049451022812
0.0316441276136078,1379.295,187.085606249237
0.0146559386941645,50.429,88.9990311382979
0.0033442400442194,216.343,117.1799945061925
0.0122041427223688,193.001,104.05248581357336
0.0470087674704136,1590.321,213.3273328516252
0.0938524567623615,15484.264,404.23479357701194
0.0264960886025989,3505.463,241.70194092652093
0.0684708676262632,8710.125,296.97301788792424
0.0918475633318215,9726.624,351.03706724587914
0.0315040972500462,2542.98,240.25911628569756
0.0346256776528479,792.548,167.74544457314207
0.0463531332132599,4277.539,272.27915397920424
0.0405258793057768,1824.407,212.9175775505495
0.0293120804104146,972.363,175.20584178590914
0.0430529924647783,6194.608,272.48516260078947
0.036196585308647,2767.602,237.74891590151216
0.0229166957180795,4734.176,269.93869703840676
0.0224613490056175,7219.393,290.48164634880095
0.0338512405143908,3023.58,235.2501472101212
0.0939068867792516,16730.45,410.90314512604
0.011681566055543,737.208,154.61644479957792
0.0405194543274123,11139.868,314.3284985923059
0.0210942744988395,2739.646,229.41659513072045
0.0275216750014085,558.638,153.67908945828762
0.020816460920618,101.188,75.89776057131525
0.0748940090423049,3321.56,280.32983099780193
0.0762717487156706,12948.588,344.8903782057035
0.0651394352413724,4232.628,284.2868782754847
0.0060883607568753,2638.149,226.13253613696963
0.0233624291556971,4168.465,261.189621973578
0.083071238626949,16146.967,387.6738864312895
0.0864450226154975,12462.007,374.846233054612
0.027703455112348,364.825,131.0767304209686
0.0132983763113246,604.134,146.0050200149973
0.0735045188169089,1683.731,237.58137871789415
0.0006214561234586,778.853,146.92158559148777
0.0387557409443221,763.774,176.1782588512031
0.0055469289448285,5054.818,273.1481938506797
0.070146737250433,6379.181,312.8172038520312
0.0628065327313909,1910.995,233.935390762286
0.0536147431478996,1474.238,216.27519523719045
0.0487586196133315,855.322,189.08453882711552
0.0337808044118197,2442.603,230.21162493171212
0.0059058648967715,8638.557,308.5038269865095
0.0403661442209153,1637.994,203.58186252116715
0.006256284715988,21.413,41.94072130707012
0.0298748494722609,844.498,173.81971250618767
0.0434524867167352,1802.039,222.55696413470773
0.0197439117490649,1157.834,180.7520920344969
0.0390264641250343,1688.604,209.6396159383342
0.0291964694235953,265.953,123.07017304752492
0.0974670714281431,4714.069,302.0342584457506
0.0479133800341377,3989.881,275.02861373627803
0.0564385461588251,3338.58,261.18818688051033
0.0115122251147554,6926.953,294.42925989731833
0.0852088551656805,9078.799,346.7468524384303
0.0117402723118147,35.314,53.331234019469505
0.0581969447585334,1521.054,210.76656523350036
0.016390761184127,3448.317,245.7558013971719
0.0143314250983607,828.199,160.49384101663668
0.0205158455356808,1788.765,204.04201095582312
0.0543297546159514,3837.233,277.48742823429995
0.0158290574454,4595.849,263.933290543241
0.0342535750242658,2720.337,238.86619856463693
0.033824561576193,1804.385,210.28401876994187
0.0457672504014655,2653.953,245.43109532846648
0.0507507203114424,2115.07,233.84644765953905
0.0582350064452082,2297.41,234.5165712460103
0.0071929279120354,344.782,111.00079988076446
0.0148166408930825,1576.129,192.2222863425009
0.0096364543178878,904.708,164.1055344790594
0.070925431144794,8326.619,297.86834659870624
0.0452841597826096,2353.561,239.4360896634383
0.0354225227305472,688.039,168.86304438243553
0.089168162171995,4708.9,294.3028597540451
0.0777487707046719,3655.441,287.77000402992985
0.0737208055922606,3036.888,273.88694620049756
0.0786925339049589,7086.504,298.2676339242502
0.0744745892526095,9429.891,339.1912230858647
0.0682980017504859,1315.584,222.59651614449612
0.0878615539278623,16668.81,420.4744920565526
0.0224980025317977,1074.564,177.19135657024367
0.044006006820266,2063.387,230.8361393297569
0.0402565774267208,1596.878,213.56243718524857
0.0728524599827936,3436.584,264.7272505871542
0.0166401315011346,3166.495,240.97831937930476
0.0463531332132599,3803.47,272.27915397920424
0.0616194499024176,1797.861,229.5725092680571
0.0300676605056381,678.512,164.25690573588355
0.0621925249688899,9197.99,333.28832053043016
0.0003525145956512,1554.296,188.92440926358208
0.0887391512121904,9620.148,355.38279647116326
0.0590659886104695,3165.857,251.5116653008163
0.0519310479788506,1778.263,223.80316389763263
0.0581962130436262,5981.852,305.23486487977925
0.0095709995847148,871.273,162.2780697751119
0.031532210915378,2240.035,222.4452387789413
0.0727798823005833,5641.312,307.9790281599871
0.0592954449644678,3910.495,270.486047496575
0.0145811409437181,4011.473,254.7292528681085
0.0431148984622191,1554.817,209.9829494225615
0.0204820610827783,829.427,166.80447771853622
0.032881506352478,1486.123,203.99799462842455
0.0238287930135343,3248.611,242.13093635488624
0.0845308308610674,5984.249,305.9391096105891
0.0550141966483291,1990.68,232.55133001893327
0.0311818210675529,517.545,154.8567522729109
0.0445936715334161,7259.273,298.29089006668596
0.0701556426531494,2373.836,244.3442720047248
0.0484850465984607,2059.077,225.6481543868771
0.0400171632787708,5911.856,298.50555296080597
0.0015709149462047,312.665,118.3213009956262
0.0719400019224067,4134.752,290.0439955979274
0.004667219494921,137.021,91.50389748610954
0.0596540163045785,3103.384,258.1522954039684
0.0220159760872076,4438.955,271.62014900605357
0.0249564712090524,4066.519,266.4069310286316
0.021817133952404,303.846,119.65933405808688
0.0622995985116211,10561.977,309.6517907300589
0.0239664649922604,4545.033,273.86936237580153
0.0464733800125213,2314.331,237.07107299258203
0.0773983742866125,8711.85,305.4067937574594
0.0828937359045838,10410.299,357.7238110478995
0.0361987363953359,227.159,132.10272682636682
0.0210448364242297,456.157,143.07321719124153
0.0021301271909321,318.163,111.27984846498111
0.0114048187525116,21.192,43.23482559530368
0.0381719825220057,1097.882,188.04689012589415
0.071847499513749,3902.33,278.293274649324
0.0191021690888154,1490.862,191.90383918619236
0.0319121417298253,923.044,178.23832813294266
0.0620043641854624,1569.019,224.67774067693813
0.0408869407619417,704.588,166.453152208136
0.0064224045600889,523.828,130.9967468520262
0.0013243769306444,2330.098,220.12510571204896
0.0139326532869954,470.789,134.87989332761012
0.0472812406147637,5127.161,293.5223563449629
0.0480439410539898,2374.183,241.4455286967643
0.0191487594395999,3791.619,265.49482757853144
0.0095606834176932,887.696,163.2273133122275
0.0316581333700179,3177.334,244.3381777850176
0.0260962570437353,221.236,117.84628726536266
0.0619090092146934,4562.769,279.2223124313764
0.0859487918866724,2775.075,275.765480873268
0.0516855978823712,847.695,181.07570402227617
0.0667352642239185,2103.933,236.20569587634455
0.0754055396615183,13246.574,365.141783723019
0.070146737250433,6389.158,312.8172038520312
0.0556737286955097,1643.696,223.24904926606456
0.003116936670892,73.091,78.71647734536549
0.0802072454256006,9393.954,315.43893518172024
0.0282640903281105,570.556,151.71289091464388
0.0550952979203258,2166.066,238.69840510391649
0.0144836676145999,6420.176,290.6215275638356
0.0128846653917275,175.648,108.1816645962037
0.0598738713751501,833.306,195.7591360612091
0.0681297175015861,10854.118,320.058825306146
0.070582144765422,11377.885,348.3720755877924
0.0380254184342756,1191.846,193.06880947713728
0.0648978899978827,2908.923,264.9392346879457
0.0532070475051805,8554.293,302.8987644396054
0.0392395287886952,2815.995,250.0557434342345
0.0801830452738197,10621.687,358.4611042373163
0.0621925249688899,9188.208,333.28832053043016
0.0432155799480966,678.345,166.76790451170513
0.0715287636032401,5624.472,307.0682222881507
0.0375899976585457,1836.433,214.81811161384073
0.021817133952404,303.815,119.65933405808688
0.0516898548160277,3377.017,267.00829054657953
0.0555922622946053,2070.825,234.99738145712325
0.085372498635901,5473.772,315.69349841260805
0.0093846030173858,89.553,82.37572770652321
0.0337285206721865,446.473,151.89751023632107
0.01231690750832,671.457,149.9770070704611
0.0292484069724356,684.687,160.31537505362044
0.0669163317200152,4448.311,293.0246661926582
0.058254565477348,5589.187,301.4115085593376
0.016455513981286,782.018,149.47573531310564
0.0355349271407886,2344.524,227.7438547872118
0.0757954328973071,4041.321,281.55674659536345
0.0095058886324995,5458.888,276.92348168754353
0.0779091922530035,9523.188,316.8241160255605
0.0787117426481724,8929.029,309.8751395340195
0.0349945610508851,1956.112,223.8460010113132
0.0469596769491795,1299.314,204.0820000127931
0.0419541331226149,3437.037,262.02818270394846
0.0582837409491468,2867.622,247.2226845733936
0.0505668091217679,2320.868,238.92714544289095
0.0493704628818919,39034.852,426.9422256400936
0.0205208385681963,466.133,137.28955422399696
0.0609826725761519,10823.646,343.0582197756967
0.0070417337014181,1034.619,168.26369366616152
0.0092099399400693,40.707,58.701306098366274
0.0750224247238388,4699.07,298.3441107316079
0.0785224759421782,18630.345,418.7131655040216
0.057658713327062,3024.494,256.0434574154974
0.0194102374202,903.634,161.5544083216409
0.0299086393872756,3223.013,248.6387433853091
0.0869053406996129,13562.64,390.10781569839185
0.0275949484468391,3998.552,265.3742609522585
0.0094322689170387,236.552,108.62046548460955
0.0244449208578547,8650.417,311.27817647497665
0.0141379022891428,2576.19,221.97941609085285
0.0389556606754193,2193.211,225.8660967823159
0.0764898248538895,4075.812,283.9856346698028
0.0929204529839686,8236.776,342.6582705828767
0.0173718847109914,711.849,147.38864582501782
0.0834917314433321,5968.248,318.1147503184224
0.0437189401351822,2008.691,225.26864701871585
0.0243431844707776,5611.828,290.79091808234284
0.0402565774267208,1599.805,213.56243718524857
0.0058799009187348,2649.689,224.7953009908614
0.0803018659434078,4504.257,288.500722144297
0.0895231918991286,6233.699,322.36672689331937
0.0725500623665311,14460.12,360.8072575316499
0.0568170534842158,2172.741,233.62359665710412
0.0822160555166443,15924.506,392.0285670856562
0.0143011908290199,1127.476,161.79715431775531
0.0411448429091027,3731.134,260.82349843899385
0.0047564912461206,4495.219,255.92495551130435
0.0454075960181702,1961.321,209.21726090042517
0.0791848612520549,9241.049,309.25102877271814
0.0143584675830539,186.45,102.15138208879604
0.014857203785491,534.35,141.98633911237576
0.0685751092491545,2356.311,246.48611843899937
0.0932374145562444,7148.289,318.1053808456508
0.022217328544699,1073.988,172.99663033716905
0.0887932287095488,8197.014,340.33975130182046
0.0349241422687684,447.83,144.072677137796
0.0862909873928731,10138.827,325.2344909898315
0.0891845360663182,10494.35,333.0198024354204
0.0199267612505161,753.739,161.37703849345075
0.0147131292073245,1146.613,175.61906382279892
0.048046792352312,1611.87,208.39913656733623
0.0712502196488228,3577.567,272.8532682634754
0.0777718838286793,14937.907,380.2470944240831
6.687354194762722e-05,375.428,123.742831049257
0.0144851143986194,46.713,64.23293394115473
0.0432155799480966,688.239,166.76790451170513
0.0755773645999559,10671.642,348.46316246529676
0.0903136290659597,12869.615,366.1194793836669
0.0877662240045978,6120.711,302.5227354557899
0.0601719746932904,2737.762,256.09562452273155
0.0214414745212765,783.468,164.36749672678073
0.0364107520873149,1283.258,190.57988455930337
0.044174282613628,1359.68,202.05460267090237
0.0482335477681342,1481.306,205.1556827292608
0.0542884817984507,3404.017,254.0607856085249
0.047501105255369,936.793,191.2604484352367
0.0078819705995184,2591.989,223.21464021378523
0.0557786613331449,2683.01,249.4601530225726
0.0113731564221712,31.882,55.249833993900985
0.0223019997586221,108.79,91.20318907375044
0.0284430233721034,731.118,156.3509272876588
0.0259859680474095,2144.61,218.97036870950149
0.0523266230933617,2520.696,244.71713448641088
0.0198111397893603,2195.249,222.2206307808656
0.0483843713681803,4536.165,276.54093271783086
0.0410640958779025,1160.306,193.0999181849985
0.0493299154942147,2503.031,243.7732486780762
0.0603999926123902,6727.315,314.1370504220862
0.0165992228402163,3451.992,246.7440753236512
0.0684708676262632,8228.423,296.97301788792424
0.054290271979094,2448.077,242.58691608519803
0.0790301169639841,8331.344,310.7869732000237
0.0116886688535098,7275.04,295.57469261299894
0.0597497153844639,2771.342,251.8086347934314
0.0629292706639416,3444.035,274.8590239745292
0.0729538356158448,3730.436,284.52214292590656
0.0922659015547376,10221.796,339.2296817397005
0.0059738323562354,10.825,20.060012204603712
0.0466765108963935,1343.114,203.20920091077045
0.0621469904279733,9623.618,334.1047632311948
0.0112148337115408,4280.909,257.8517293514897
0.0658978586743044,2586.169,245.76694170405477
0.0806480033304728,5117.487,307.9304616753844
0.0913986159627844,10723.985,367.1701336993093
0.0375793284144383,2456.169,232.90605532315968
0.0359241068593541,786.131,172.38080813207432
0.0267700030641013,4247.668,269.54103974567374
0.0648672843547257,12974.89,334.42441635436404
0.0700453494228631,4104.05,278.92094532745654
0.0626066040992692,2765.747,245.989585071472
0.019515525966569,2026.745,213.8768892175596
0.0226602077580903,5844.925,293.4881586117608
0.0657441795668231,6382.401,312.0889259996867
0.0397055383765177,4352.452,276.7019945308598
0.0383886321662745,1155.928,189.6573169055432
0.0166486757757854,1265.902,181.0771825591762
0.0562130156920148,1238.951,209.145627447465
0.0008242334954419,3.89,10.073157875229114
0.0200263639952225,1116.978,178.07341268815665
0.0596294816350268,1056.25,206.0341609972165
0.0484750897433112,2827.287,249.9522805215799
0.0190306739837094,105.053,85.9245488170762
0.0321547492545376,754.801,170.3513563619963
0.0544129920435965,4031.85,281.67014844091767
0.0300217685399942,779.123,170.16613230375185
0.0451909653158809,2384.463,236.6037940192272
0.0403042358874234,6922.343,296.43347876491305
0.0170940575235249,417.975,127.66004497412628
0.0639295920781869,1761.433,224.23465356406209
0.0883165461323804,6214.766,325.78928840154026
0.0782926778969622,9617.033,342.7377020094466
